{
	"pages": [ 
		{
			"path": "pages/index/index",
			"style": {
				"navigationStyle": "custom"
			}
		},
		{
			"path": "pages/mine/mine",
			"style": {
				"navigationStyle": "custom"
			}
		},
		{
			"path": "pages/create/create",
			"style": {
				"navigationStyle": "custom"
			}
		},
		{
			"path": "pages/script/editor",
			"style": {
				"navigationStyle": "custom"
			}
		},
		{
			"path": "pages/voice/clone",
			"style": {
				"navigationStyle": "custom"
			}
		},
		{
			"path": "pages/agreement/agreement",
			"style": {
				"navigationStyle": "custom",
				"disableScroll": true,
				"app-plus": {
					"popGesture": "none" 
				}
			}
		}
	],
	"globalStyle": {
		"navigationBarTextStyle": "black",
		"navigationBarTitleText": "uni-app",
		"navigationBarBackgroundColor": "#F8F8F8",
		"backgroundColor": "#F8F8F8"
	},
	"tabBar": {
		"color": "#999999",
		"selectedColor": "#ff9800",
		"backgroundColor": "#ffffff",
		"borderStyle": "black",
		"list": [
			{
				"pagePath": "pages/index/index",
				"iconPath": "static/tabbar/home.png",
				"selectedIconPath": "static/tabbar/home_selected.png",
				"text": "首页"
			},
			{
				"pagePath": "pages/mine/mine",
				"iconPath": "static/tabbar/mine.png",
				"selectedIconPath": "static/tabbar/mine_selected.png",
				"text": "我的"
			}
		]
	}
}
